{"filename": "pyntcloud_plot", "camera_position": [8.912019729614258, 24.49163246154785, 0.0], "look_at": [-2.117417097091675, 3.171967029571533, -13.890049934387207], "point_size": 0.2956251525878906, "point_opacity": 0.9, "polylines_points": [], "polylines_colors": []}